"Program","Year","Period","Week Ending","Geo Level","State","State ANSI","Ag District","Ag District Code","County","County ANSI","Zip Code","Region","watershed_code","Watershed","Commodity","Data Item","Domain","Domain Category","Value","CV (%)"
"CENSUS","2022","YEAR","","STATE","ALABAMA","01","","","","","","","00000000","","CORN","CORN, GRAIN - PRODUCTION, MEASURED IN BU","TOTAL","NOT SPECIFIED","39,666,632","11.7"
"CENSUS","2022","YEAR","","STATE","ARIZONA","04","","","","","","","00000000","","CORN","CORN, GRAIN - PRODUCTION, MEASURED IN BU","TOTAL","NOT SPECIFIED","9,431,713","30.7"
"CENSUS","2022","YEAR","","STATE","ARKANSAS","05","","","","","","","00000000","","CORN","CORN, GRAIN - PRODUCTION, MEASURED IN BU","TOTAL","NOT SPECIFIED","122,560,384","6.6"
"CENSUS","2022","YEAR","","STATE","CALIFORNIA","06","","","","","","","00000000","","CORN","CORN, GRAIN - PRODUCTION, MEASURED IN BU","TOTAL","NOT SPECIFIED","6,424,786","42.5"
"CENSUS","2022","YEAR","","STATE","COLORADO","08","","","","","","","00000000","","CORN","CORN, GRAIN - PRODUCTION, MEASURED IN BU","TOTAL","NOT SPECIFIED","124,680,104","36.8"
"CENSUS","2022","YEAR","","STATE","CONNECTICUT","09","","","","","","","00000000","","CORN","CORN, GRAIN - PRODUCTION, MEASURED IN BU","TOTAL","NOT SPECIFIED","618,138","28.8"
"CENSUS","2022","YEAR","","STATE","DELAWARE","10","","","","","","","00000000","","CORN","CORN, GRAIN - PRODUCTION, MEASURED IN BU","TOTAL","NOT SPECIFIED","32,249,384","6.6"
"CENSUS","2022","YEAR","","STATE","FLORIDA","12","","","","","","","00000000","","CORN","CORN, GRAIN - PRODUCTION, MEASURED IN BU","TOTAL","NOT SPECIFIED","8,304,307","28.3"
"CENSUS","2022","YEAR","","STATE","GEORGIA","13","","","","","","","00000000","","CORN","CORN, GRAIN - PRODUCTION, MEASURED IN BU","TOTAL","NOT SPECIFIED","66,844,367","31.5"
"CENSUS","2022","YEAR","","STATE","HAWAII","15","","","","","","","00000000","","CORN","CORN, GRAIN - PRODUCTION, MEASURED IN BU","TOTAL","NOT SPECIFIED","154,463","0.4"
"CENSUS","2022","YEAR","","STATE","IDAHO","16","","","","","","","00000000","","CORN","CORN, GRAIN - PRODUCTION, MEASURED IN BU","TOTAL","NOT SPECIFIED","22,937,258","13.7"
"CENSUS","2022","YEAR","","STATE","ILLINOIS","17","","","","","","","00000000","","CORN","CORN, GRAIN - PRODUCTION, MEASURED IN BU","TOTAL","NOT SPECIFIED","2,143,284,486","1.4"
"CENSUS","2022","YEAR","","STATE","INDIANA","18","","","","","","","00000000","","CORN","CORN, GRAIN - PRODUCTION, MEASURED IN BU","TOTAL","NOT SPECIFIED","1,039,725,085","4.2"
"CENSUS","2022","YEAR","","STATE","IOWA","19","","","","","","","00000000","","CORN","CORN, GRAIN - PRODUCTION, MEASURED IN BU","TOTAL","NOT SPECIFIED","2,511,484,113","2.6"
"CENSUS","2022","YEAR","","STATE","KANSAS","20","","","","","","","00000000","","CORN","CORN, GRAIN - PRODUCTION, MEASURED IN BU","TOTAL","NOT SPECIFIED","486,503,903","3.7"
"CENSUS","2022","YEAR","","STATE","KENTUCKY","21","","","","","","","00000000","","CORN","CORN, GRAIN - PRODUCTION, MEASURED IN BU","TOTAL","NOT SPECIFIED","223,707,862","4.1"
"CENSUS","2022","YEAR","","STATE","LOUISIANA","22","","","","","","","00000000","","CORN","CORN, GRAIN - PRODUCTION, MEASURED IN BU","TOTAL","NOT SPECIFIED","76,752,412","20.1"
"CENSUS","2022","YEAR","","STATE","MAINE","23","","","","","","","00000000","","CORN","CORN, GRAIN - PRODUCTION, MEASURED IN BU","TOTAL","NOT SPECIFIED","995,371","23.3"
"CENSUS","2022","YEAR","","STATE","MARYLAND","24","","","","","","","00000000","","CORN","CORN, GRAIN - PRODUCTION, MEASURED IN BU","TOTAL","NOT SPECIFIED","71,093,104","4.3"
"CENSUS","2022","YEAR","","STATE","MASSACHUSETTS","25","","","","","","","00000000","","CORN","CORN, GRAIN - PRODUCTION, MEASURED IN BU","TOTAL","NOT SPECIFIED","566,817","9.0"
"CENSUS","2022","YEAR","","STATE","MICHIGAN","26","","","","","","","00000000","","CORN","CORN, GRAIN - PRODUCTION, MEASURED IN BU","TOTAL","NOT SPECIFIED","348,093,460","59.9"
"CENSUS","2022","YEAR","","STATE","MINNESOTA","27","","","","","","","00000000","","CORN","CORN, GRAIN - PRODUCTION, MEASURED IN BU","TOTAL","NOT SPECIFIED","1,478,451,268","22.2"
"CENSUS","2022","YEAR","","STATE","MISSISSIPPI","28","","","","","","","00000000","","CORN","CORN, GRAIN - PRODUCTION, MEASURED IN BU","TOTAL","NOT SPECIFIED","94,433,032","29.9"
"CENSUS","2022","YEAR","","STATE","MISSOURI","29","","","","","","","00000000","","CORN","CORN, GRAIN - PRODUCTION, MEASURED IN BU","TOTAL","NOT SPECIFIED","467,281,181","3.9"
"CENSUS","2022","YEAR","","STATE","MONTANA","30","","","","","","","00000000","","CORN","CORN, GRAIN - PRODUCTION, MEASURED IN BU","TOTAL","NOT SPECIFIED","6,395,481","14.2"
"CENSUS","2022","YEAR","","STATE","NEBRASKA","31","","","","","","","00000000","","CORN","CORN, GRAIN - PRODUCTION, MEASURED IN BU","TOTAL","NOT SPECIFIED","1,437,022,636","3.1"
"CENSUS","2022","YEAR","","STATE","NEVADA","32","","","","","","","00000000","","CORN","CORN, GRAIN - PRODUCTION, MEASURED IN BU","TOTAL","NOT SPECIFIED","400,062","11.7"
"CENSUS","2022","YEAR","","STATE","NEW HAMPSHIRE","33","","","","","","","00000000","","CORN","CORN, GRAIN - PRODUCTION, MEASURED IN BU","TOTAL","NOT SPECIFIED","241,211","6.6"
"CENSUS","2022","YEAR","","STATE","NEW JERSEY","34","","","","","","","00000000","","CORN","CORN, GRAIN - PRODUCTION, MEASURED IN BU","TOTAL","NOT SPECIFIED","6,939,354","3.5"
"CENSUS","2022","YEAR","","STATE","NEW MEXICO","35","","","","","","","00000000","","CORN","CORN, GRAIN - PRODUCTION, MEASURED IN BU","TOTAL","NOT SPECIFIED","6,081,060","8.3"
"CENSUS","2022","YEAR","","STATE","NEW YORK","36","","","","","","","00000000","","CORN","CORN, GRAIN - PRODUCTION, MEASURED IN BU","TOTAL","NOT SPECIFIED","92,518,169","2.0"
"CENSUS","2022","YEAR","","STATE","NORTH CAROLINA","37","","","","","","","00000000","","CORN","CORN, GRAIN - PRODUCTION, MEASURED IN BU","TOTAL","NOT SPECIFIED","103,628,930","8.6"
"CENSUS","2022","YEAR","","STATE","NORTH DAKOTA","38","","","","","","","00000000","","CORN","CORN, GRAIN - PRODUCTION, MEASURED IN BU","TOTAL","NOT SPECIFIED","355,036,711","1.9"
"CENSUS","2022","YEAR","","STATE","OHIO","39","","","","","","","00000000","","CORN","CORN, GRAIN - PRODUCTION, MEASURED IN BU","TOTAL","NOT SPECIFIED","608,637,574","4.7"
"CENSUS","2022","YEAR","","STATE","OKLAHOMA","40","","","","","","","00000000","","CORN","CORN, GRAIN - PRODUCTION, MEASURED IN BU","TOTAL","NOT SPECIFIED","23,047,481","0.3"
"CENSUS","2022","YEAR","","STATE","OREGON","41","","","","","","","00000000","","CORN","CORN, GRAIN - PRODUCTION, MEASURED IN BU","TOTAL","NOT SPECIFIED","10,332,549","12.9"
"CENSUS","2022","YEAR","","STATE","PENNSYLVANIA","42","","","","","","","00000000","","CORN","CORN, GRAIN - PRODUCTION, MEASURED IN BU","TOTAL","NOT SPECIFIED","138,714,041","2.9"
"CENSUS","2022","YEAR","","STATE","RHODE ISLAND","44","","","","","","","00000000","","CORN","CORN, GRAIN - PRODUCTION, MEASURED IN BU","TOTAL","NOT SPECIFIED","17,558","29.7"
"CENSUS","2022","YEAR","","STATE","SOUTH CAROLINA","45","","","","","","","00000000","","CORN","CORN, GRAIN - PRODUCTION, MEASURED IN BU","TOTAL","NOT SPECIFIED","40,647,103","8.2"
"CENSUS","2022","YEAR","","STATE","SOUTH DAKOTA","46","","","","","","","00000000","","CORN","CORN, GRAIN - PRODUCTION, MEASURED IN BU","TOTAL","NOT SPECIFIED","611,547,551","2.4"
"CENSUS","2022","YEAR","","STATE","TENNESSEE","47","","","","","","","00000000","","CORN","CORN, GRAIN - PRODUCTION, MEASURED IN BU","TOTAL","NOT SPECIFIED","100,968,726","6.6"
"CENSUS","2022","YEAR","","STATE","TEXAS","48","","","","","","","00000000","","CORN","CORN, GRAIN - PRODUCTION, MEASURED IN BU","TOTAL","NOT SPECIFIED","167,104,023","21.7"
"CENSUS","2022","YEAR","","STATE","UTAH","49","","","","","","","00000000","","CORN","CORN, GRAIN - PRODUCTION, MEASURED IN BU","TOTAL","NOT SPECIFIED","4,342,678","18.0"
"CENSUS","2022","YEAR","","STATE","VERMONT","50","","","","","","","00000000","","CORN","CORN, GRAIN - PRODUCTION, MEASURED IN BU","TOTAL","NOT SPECIFIED","2,109,952","12.4"
"CENSUS","2022","YEAR","","STATE","VIRGINIA","51","","","","","","","00000000","","CORN","CORN, GRAIN - PRODUCTION, MEASURED IN BU","TOTAL","NOT SPECIFIED","59,708,380","7.0"
"CENSUS","2022","YEAR","","STATE","WASHINGTON","53","","","","","","","00000000","","CORN","CORN, GRAIN - PRODUCTION, MEASURED IN BU","TOTAL","NOT SPECIFIED","23,324,561","21.1"
"CENSUS","2022","YEAR","","STATE","WEST VIRGINIA","54","","","","","","","00000000","","CORN","CORN, GRAIN - PRODUCTION, MEASURED IN BU","TOTAL","NOT SPECIFIED","5,367,205","3.9"
"CENSUS","2022","YEAR","","STATE","WISCONSIN","55","","","","","","","00000000","","CORN","CORN, GRAIN - PRODUCTION, MEASURED IN BU","TOTAL","NOT SPECIFIED","533,043,125","12.9"
"CENSUS","2022","YEAR","","STATE","WYOMING","56","","","","","","","00000000","","CORN","CORN, GRAIN - PRODUCTION, MEASURED IN BU","TOTAL","NOT SPECIFIED","9,023,215","19.9"
"CENSUS","2017","YEAR","","STATE","ALABAMA","01","","","","","","","00000000","","CORN","CORN, GRAIN - PRODUCTION, MEASURED IN BU","TOTAL","NOT SPECIFIED","38,718,245","8.3"
"CENSUS","2017","YEAR","","STATE","ARIZONA","04","","","","","","","00000000","","CORN","CORN, GRAIN - PRODUCTION, MEASURED IN BU","TOTAL","NOT SPECIFIED","6,597,920","15.7"
"CENSUS","2017","YEAR","","STATE","ARKANSAS","05","","","","","","","00000000","","CORN","CORN, GRAIN - PRODUCTION, MEASURED IN BU","TOTAL","NOT SPECIFIED","108,957,355","5.4"
"CENSUS","2017","YEAR","","STATE","CALIFORNIA","06","","","","","","","00000000","","CORN","CORN, GRAIN - PRODUCTION, MEASURED IN BU","TOTAL","NOT SPECIFIED","15,521,012","3.9"
"CENSUS","2017","YEAR","","STATE","COLORADO","08","","","","","","","00000000","","CORN","CORN, GRAIN - PRODUCTION, MEASURED IN BU","TOTAL","NOT SPECIFIED","185,592,354","8.8"
"CENSUS","2017","YEAR","","STATE","CONNECTICUT","09","","","","","","","00000000","","CORN","CORN, GRAIN - PRODUCTION, MEASURED IN BU","TOTAL","NOT SPECIFIED","915,125","35.6"
"CENSUS","2017","YEAR","","STATE","DELAWARE","10","","","","","","","00000000","","CORN","CORN, GRAIN - PRODUCTION, MEASURED IN BU","TOTAL","NOT SPECIFIED","32,743,827","6.1"
"CENSUS","2017","YEAR","","STATE","FLORIDA","12","","","","","","","00000000","","CORN","CORN, GRAIN - PRODUCTION, MEASURED IN BU","TOTAL","NOT SPECIFIED","5,742,330","18.0"
"CENSUS","2017","YEAR","","STATE","GEORGIA","13","","","","","","","00000000","","CORN","CORN, GRAIN - PRODUCTION, MEASURED IN BU","TOTAL","NOT SPECIFIED","44,834,066","6.0"
"CENSUS","2017","YEAR","","STATE","HAWAII","15","","","","","","","00000000","","CORN","CORN, GRAIN - PRODUCTION, MEASURED IN BU","TOTAL","NOT SPECIFIED","521,944","95.1"
"CENSUS","2017","YEAR","","STATE","IDAHO","16","","","","","","","00000000","","CORN","CORN, GRAIN - PRODUCTION, MEASURED IN BU","TOTAL","NOT SPECIFIED","27,925,762","8.1"
"CENSUS","2017","YEAR","","STATE","ILLINOIS","17","","","","","","","00000000","","CORN","CORN, GRAIN - PRODUCTION, MEASURED IN BU","TOTAL","NOT SPECIFIED","2,187,782,071","3.0"
"CENSUS","2017","YEAR","","STATE","INDIANA","18","","","","","","","00000000","","CORN","CORN, GRAIN - PRODUCTION, MEASURED IN BU","TOTAL","NOT SPECIFIED","980,332,687","2.5"
"CENSUS","2017","YEAR","","STATE","IOWA","19","","","","","","","00000000","","CORN","CORN, GRAIN - PRODUCTION, MEASURED IN BU","TOTAL","NOT SPECIFIED","2,583,967,870","1.7"
"CENSUS","2017","YEAR","","STATE","KANSAS","20","","","","","","","00000000","","CORN","CORN, GRAIN - PRODUCTION, MEASURED IN BU","TOTAL","NOT SPECIFIED","693,862,078","3.0"
"CENSUS","2017","YEAR","","STATE","KENTUCKY","21","","","","","","","00000000","","CORN","CORN, GRAIN - PRODUCTION, MEASURED IN BU","TOTAL","NOT SPECIFIED","220,077,862","3.4"
"CENSUS","2017","YEAR","","STATE","LOUISIANA","22","","","","","","","00000000","","CORN","CORN, GRAIN - PRODUCTION, MEASURED IN BU","TOTAL","NOT SPECIFIED","89,938,190","8.7"
"CENSUS","2017","YEAR","","STATE","MAINE","23","","","","","","","00000000","","CORN","CORN, GRAIN - PRODUCTION, MEASURED IN BU","TOTAL","NOT SPECIFIED","1,193,925","9.9"
"CENSUS","2017","YEAR","","STATE","MARYLAND","24","","","","","","","00000000","","CORN","CORN, GRAIN - PRODUCTION, MEASURED IN BU","TOTAL","NOT SPECIFIED","72,555,726","2.6"
"CENSUS","2017","YEAR","","STATE","MASSACHUSETTS","25","","","","","","","00000000","","CORN","CORN, GRAIN - PRODUCTION, MEASURED IN BU","TOTAL","NOT SPECIFIED","454,403","11.3"
"CENSUS","2017","YEAR","","STATE","MICHIGAN","26","","","","","","","00000000","","CORN","CORN, GRAIN - PRODUCTION, MEASURED IN BU","TOTAL","NOT SPECIFIED","344,533,785","5.7"
"CENSUS","2017","YEAR","","STATE","MINNESOTA","27","","","","","","","00000000","","CORN","CORN, GRAIN - PRODUCTION, MEASURED IN BU","TOTAL","NOT SPECIFIED","1,494,241,562","2.4"
"CENSUS","2017","YEAR","","STATE","MISSISSIPPI","28","","","","","","","00000000","","CORN","CORN, GRAIN - PRODUCTION, MEASURED IN BU","TOTAL","NOT SPECIFIED","94,242,623","7.9"
"CENSUS","2017","YEAR","","STATE","MISSOURI","29","","","","","","","00000000","","CORN","CORN, GRAIN - PRODUCTION, MEASURED IN BU","TOTAL","NOT SPECIFIED","563,873,264","5.9"
"CENSUS","2017","YEAR","","STATE","MONTANA","30","","","","","","","00000000","","CORN","CORN, GRAIN - PRODUCTION, MEASURED IN BU","TOTAL","NOT SPECIFIED","5,078,423","15.9"
"CENSUS","2017","YEAR","","STATE","NEBRASKA","31","","","","","","","00000000","","CORN","CORN, GRAIN - PRODUCTION, MEASURED IN BU","TOTAL","NOT SPECIFIED","1,694,898,568","6.7"
"CENSUS","2017","YEAR","","STATE","NEVADA","32","","","","","","","00000000","","CORN","CORN, GRAIN - PRODUCTION, MEASURED IN BU","TOTAL","NOT SPECIFIED","1,042,116","(H)"
"CENSUS","2017","YEAR","","STATE","NEW HAMPSHIRE","33","","","","","","","00000000","","CORN","CORN, GRAIN - PRODUCTION, MEASURED IN BU","TOTAL","NOT SPECIFIED","40,312","1.0"
"CENSUS","2017","YEAR","","STATE","NEW JERSEY","34","","","","","","","00000000","","CORN","CORN, GRAIN - PRODUCTION, MEASURED IN BU","TOTAL","NOT SPECIFIED","11,649,761","13.9"
"CENSUS","2017","YEAR","","STATE","NEW MEXICO","35","","","","","","","00000000","","CORN","CORN, GRAIN - PRODUCTION, MEASURED IN BU","TOTAL","NOT SPECIFIED","6,220,361","6.1"
"CENSUS","2017","YEAR","","STATE","NEW YORK","36","","","","","","","00000000","","CORN","CORN, GRAIN - PRODUCTION, MEASURED IN BU","TOTAL","NOT SPECIFIED","84,124,924","2.8"
"CENSUS","2017","YEAR","","STATE","NORTH CAROLINA","37","","","","","","","00000000","","CORN","CORN, GRAIN - PRODUCTION, MEASURED IN BU","TOTAL","NOT SPECIFIED","116,637,072","2.2"
"CENSUS","2017","YEAR","","STATE","NORTH DAKOTA","38","","","","","","","00000000","","CORN","CORN, GRAIN - PRODUCTION, MEASURED IN BU","TOTAL","NOT SPECIFIED","452,800,789","7.6"
"CENSUS","2017","YEAR","","STATE","OHIO","39","","","","","","","00000000","","CORN","CORN, GRAIN - PRODUCTION, MEASURED IN BU","TOTAL","NOT SPECIFIED","566,516,083","1.6"
"CENSUS","2017","YEAR","","STATE","OKLAHOMA","40","","","","","","","00000000","","CORN","CORN, GRAIN - PRODUCTION, MEASURED IN BU","TOTAL","NOT SPECIFIED","42,705,835","10.1"
"CENSUS","2017","YEAR","","STATE","OREGON","41","","","","","","","00000000","","CORN","CORN, GRAIN - PRODUCTION, MEASURED IN BU","TOTAL","NOT SPECIFIED","11,562,061","7.7"
"CENSUS","2017","YEAR","","STATE","PENNSYLVANIA","42","","","","","","","00000000","","CORN","CORN, GRAIN - PRODUCTION, MEASURED IN BU","TOTAL","NOT SPECIFIED","144,684,352","10.9"
"CENSUS","2017","YEAR","","STATE","RHODE ISLAND","44","","","","","","","00000000","","CORN","CORN, GRAIN - PRODUCTION, MEASURED IN BU","TOTAL","NOT SPECIFIED","10,592","88.2"
"CENSUS","2017","YEAR","","STATE","SOUTH CAROLINA","45","","","","","","","00000000","","CORN","CORN, GRAIN - PRODUCTION, MEASURED IN BU","TOTAL","NOT SPECIFIED","44,396,455","17.3"
"CENSUS","2017","YEAR","","STATE","SOUTH DAKOTA","46","","","","","","","00000000","","CORN","CORN, GRAIN - PRODUCTION, MEASURED IN BU","TOTAL","NOT SPECIFIED","768,250,076","4.4"
"CENSUS","2017","YEAR","","STATE","TENNESSEE","47","","","","","","","00000000","","CORN","CORN, GRAIN - PRODUCTION, MEASURED IN BU","TOTAL","NOT SPECIFIED","120,728,158","5.7"
"CENSUS","2017","YEAR","","STATE","TEXAS","48","","","","","","","00000000","","CORN","CORN, GRAIN - PRODUCTION, MEASURED IN BU","TOTAL","NOT SPECIFIED","286,762,080","5.7"
"CENSUS","2017","YEAR","","STATE","UTAH","49","","","","","","","00000000","","CORN","CORN, GRAIN - PRODUCTION, MEASURED IN BU","TOTAL","NOT SPECIFIED","6,225,791","35.2"
"CENSUS","2017","YEAR","","STATE","VERMONT","50","","","","","","","00000000","","CORN","CORN, GRAIN - PRODUCTION, MEASURED IN BU","TOTAL","NOT SPECIFIED","1,182,071","31.1"
"CENSUS","2017","YEAR","","STATE","VIRGINIA","51","","","","","","","00000000","","CORN","CORN, GRAIN - PRODUCTION, MEASURED IN BU","TOTAL","NOT SPECIFIED","53,849,390","5.9"
"CENSUS","2017","YEAR","","STATE","WASHINGTON","53","","","","","","","00000000","","CORN","CORN, GRAIN - PRODUCTION, MEASURED IN BU","TOTAL","NOT SPECIFIED","24,480,326","12.4"
"CENSUS","2017","YEAR","","STATE","WEST VIRGINIA","54","","","","","","","00000000","","CORN","CORN, GRAIN - PRODUCTION, MEASURED IN BU","TOTAL","NOT SPECIFIED","5,255,628","14.0"
"CENSUS","2017","YEAR","","STATE","WISCONSIN","55","","","","","","","00000000","","CORN","CORN, GRAIN - PRODUCTION, MEASURED IN BU","TOTAL","NOT SPECIFIED","519,334,406","4.4"
"CENSUS","2017","YEAR","","STATE","WYOMING","56","","","","","","","00000000","","CORN","CORN, GRAIN - PRODUCTION, MEASURED IN BU","TOTAL","NOT SPECIFIED","9,841,814","17.1"
"CENSUS","2012","YEAR","","STATE","ALABAMA","01","","","","","","","00000000","","CORN","CORN, GRAIN - PRODUCTION, MEASURED IN BU","TOTAL","NOT SPECIFIED","25,998,347","3.2"
"CENSUS","2012","YEAR","","STATE","ARIZONA","04","","","","","","","00000000","","CORN","CORN, GRAIN - PRODUCTION, MEASURED IN BU","TOTAL","NOT SPECIFIED","5,910,931","29.7"
"CENSUS","2012","YEAR","","STATE","ARKANSAS","05","","","","","","","00000000","","CORN","CORN, GRAIN - PRODUCTION, MEASURED IN BU","TOTAL","NOT SPECIFIED","124,688,804","6.7"
"CENSUS","2012","YEAR","","STATE","CALIFORNIA","06","","","","","","","00000000","","CORN","CORN, GRAIN - PRODUCTION, MEASURED IN BU","TOTAL","NOT SPECIFIED","31,922,610","1.9"
"CENSUS","2012","YEAR","","STATE","COLORADO","08","","","","","","","00000000","","CORN","CORN, GRAIN - PRODUCTION, MEASURED IN BU","TOTAL","NOT SPECIFIED","121,002,552","2.9"
"CENSUS","2012","YEAR","","STATE","CONNECTICUT","09","","","","","","","00000000","","CORN","CORN, GRAIN - PRODUCTION, MEASURED IN BU","TOTAL","NOT SPECIFIED","806,003","13.0"
"CENSUS","2012","YEAR","","STATE","DELAWARE","10","","","","","","","00000000","","CORN","CORN, GRAIN - PRODUCTION, MEASURED IN BU","TOTAL","NOT SPECIFIED","23,812,299","7.7"
"CENSUS","2012","YEAR","","STATE","FLORIDA","12","","","","","","","00000000","","CORN","CORN, GRAIN - PRODUCTION, MEASURED IN BU","TOTAL","NOT SPECIFIED","4,781,859","14.2"
"CENSUS","2012","YEAR","","STATE","GEORGIA","13","","","","","","","00000000","","CORN","CORN, GRAIN - PRODUCTION, MEASURED IN BU","TOTAL","NOT SPECIFIED","52,451,141","1.2"
"CENSUS","2012","YEAR","","STATE","HAWAII","15","","","","","","","00000000","","CORN","CORN, GRAIN - PRODUCTION, MEASURED IN BU","TOTAL","NOT SPECIFIED","367,142","9.5"
"CENSUS","2012","YEAR","","STATE","IDAHO","16","","","","","","","00000000","","CORN","CORN, GRAIN - PRODUCTION, MEASURED IN BU","TOTAL","NOT SPECIFIED","26,226,728","9.0"
"CENSUS","2012","YEAR","","STATE","ILLINOIS","17","","","","","","","00000000","","CORN","CORN, GRAIN - PRODUCTION, MEASURED IN BU","TOTAL","NOT SPECIFIED","1,253,283,049","1.5"
"CENSUS","2012","YEAR","","STATE","INDIANA","18","","","","","","","00000000","","CORN","CORN, GRAIN - PRODUCTION, MEASURED IN BU","TOTAL","NOT SPECIFIED","597,271,090","1.0"
"CENSUS","2012","YEAR","","STATE","IOWA","19","","","","","","","00000000","","CORN","CORN, GRAIN - PRODUCTION, MEASURED IN BU","TOTAL","NOT SPECIFIED","1,835,358,239","4.0"
"CENSUS","2012","YEAR","","STATE","KANSAS","20","","","","","","","00000000","","CORN","CORN, GRAIN - PRODUCTION, MEASURED IN BU","TOTAL","NOT SPECIFIED","337,043,923","11.8"
"CENSUS","2012","YEAR","","STATE","KENTUCKY","21","","","","","","","00000000","","CORN","CORN, GRAIN - PRODUCTION, MEASURED IN BU","TOTAL","NOT SPECIFIED","104,894,595","2.6"
"CENSUS","2012","YEAR","","STATE","LOUISIANA","22","","","","","","","00000000","","CORN","CORN, GRAIN - PRODUCTION, MEASURED IN BU","TOTAL","NOT SPECIFIED","92,016,083","5.4"
"CENSUS","2012","YEAR","","STATE","MAINE","23","","","","","","","00000000","","CORN","CORN, GRAIN - PRODUCTION, MEASURED IN BU","TOTAL","NOT SPECIFIED","649,389","18.7"
"CENSUS","2012","YEAR","","STATE","MARYLAND","24","","","","","","","00000000","","CORN","CORN, GRAIN - PRODUCTION, MEASURED IN BU","TOTAL","NOT SPECIFIED","50,114,967","2.7"
"CENSUS","2012","YEAR","","STATE","MASSACHUSETTS","25","","","","","","","00000000","","CORN","CORN, GRAIN - PRODUCTION, MEASURED IN BU","TOTAL","NOT SPECIFIED","401,986","37.1"
"CENSUS","2012","YEAR","","STATE","MICHIGAN","26","","","","","","","00000000","","CORN","CORN, GRAIN - PRODUCTION, MEASURED IN BU","TOTAL","NOT SPECIFIED","313,802,471","1.4"
"CENSUS","2012","YEAR","","STATE","MINNESOTA","27","","","","","","","00000000","","CORN","CORN, GRAIN - PRODUCTION, MEASURED IN BU","TOTAL","NOT SPECIFIED","1,297,767,570","2.6"
"CENSUS","2012","YEAR","","STATE","MISSISSIPPI","28","","","","","","","00000000","","CORN","CORN, GRAIN - PRODUCTION, MEASURED IN BU","TOTAL","NOT SPECIFIED","127,937,980","6.6"
"CENSUS","2012","YEAR","","STATE","MISSOURI","29","","","","","","","00000000","","CORN","CORN, GRAIN - PRODUCTION, MEASURED IN BU","TOTAL","NOT SPECIFIED","226,370,607","0.9"
"CENSUS","2012","YEAR","","STATE","MONTANA","30","","","","","","","00000000","","CORN","CORN, GRAIN - PRODUCTION, MEASURED IN BU","TOTAL","NOT SPECIFIED","5,633,512","5.4"
"CENSUS","2012","YEAR","","STATE","NEBRASKA","31","","","","","","","00000000","","CORN","CORN, GRAIN - PRODUCTION, MEASURED IN BU","TOTAL","NOT SPECIFIED","1,188,509,521","5.1"
"CENSUS","2012","YEAR","","STATE","NEVADA","32","","","","","","","00000000","","CORN","CORN, GRAIN - PRODUCTION, MEASURED IN BU","TOTAL","NOT SPECIFIED","489,627","32.7"
"CENSUS","2012","YEAR","","STATE","NEW HAMPSHIRE","33","","","","","","","00000000","","CORN","CORN, GRAIN - PRODUCTION, MEASURED IN BU","TOTAL","NOT SPECIFIED","63,913","7.9"
"CENSUS","2012","YEAR","","STATE","NEW JERSEY","34","","","","","","","00000000","","CORN","CORN, GRAIN - PRODUCTION, MEASURED IN BU","TOTAL","NOT SPECIFIED","9,904,677","2.9"
"CENSUS","2012","YEAR","","STATE","NEW MEXICO","35","","","","","","","00000000","","CORN","CORN, GRAIN - PRODUCTION, MEASURED IN BU","TOTAL","NOT SPECIFIED","6,348,748","3.4"
"CENSUS","2012","YEAR","","STATE","NEW YORK","36","","","","","","","00000000","","CORN","CORN, GRAIN - PRODUCTION, MEASURED IN BU","TOTAL","NOT SPECIFIED","87,677,512","12.0"
"CENSUS","2012","YEAR","","STATE","NORTH CAROLINA","37","","","","","","","00000000","","CORN","CORN, GRAIN - PRODUCTION, MEASURED IN BU","TOTAL","NOT SPECIFIED","93,402,417","2.0"
"CENSUS","2012","YEAR","","STATE","NORTH DAKOTA","38","","","","","","","00000000","","CORN","CORN, GRAIN - PRODUCTION, MEASURED IN BU","TOTAL","NOT SPECIFIED","406,059,209","3.1"
"CENSUS","2012","YEAR","","STATE","OHIO","39","","","","","","","00000000","","CORN","CORN, GRAIN - PRODUCTION, MEASURED IN BU","TOTAL","NOT SPECIFIED","436,832,265","2.3"
"CENSUS","2012","YEAR","","STATE","OKLAHOMA","40","","","","","","","00000000","","CORN","CORN, GRAIN - PRODUCTION, MEASURED IN BU","TOTAL","NOT SPECIFIED","30,391,761","14.6"
"CENSUS","2012","YEAR","","STATE","OREGON","41","","","","","","","00000000","","CORN","CORN, GRAIN - PRODUCTION, MEASURED IN BU","TOTAL","NOT SPECIFIED","10,951,598","2.6"
"CENSUS","2012","YEAR","","STATE","PENNSYLVANIA","42","","","","","","","00000000","","CORN","CORN, GRAIN - PRODUCTION, MEASURED IN BU","TOTAL","NOT SPECIFIED","125,500,345","1.3"
"CENSUS","2012","YEAR","","STATE","RHODE ISLAND","44","","","","","","","00000000","","CORN","CORN, GRAIN - PRODUCTION, MEASURED IN BU","TOTAL","NOT SPECIFIED","35,570","13.2"
"CENSUS","2012","YEAR","","STATE","SOUTH CAROLINA","45","","","","","","","00000000","","CORN","CORN, GRAIN - PRODUCTION, MEASURED IN BU","TOTAL","NOT SPECIFIED","35,597,075","3.6"
"CENSUS","2012","YEAR","","STATE","SOUTH DAKOTA","46","","","","","","","00000000","","CORN","CORN, GRAIN - PRODUCTION, MEASURED IN BU","TOTAL","NOT SPECIFIED","480,330,680","2.6"
"CENSUS","2012","YEAR","","STATE","TENNESSEE","47","","","","","","","00000000","","CORN","CORN, GRAIN - PRODUCTION, MEASURED IN BU","TOTAL","NOT SPECIFIED","81,645,799","3.6"
"CENSUS","2012","YEAR","","STATE","TEXAS","48","","","","","","","00000000","","CORN","CORN, GRAIN - PRODUCTION, MEASURED IN BU","TOTAL","NOT SPECIFIED","204,454,091","7.5"
"CENSUS","2012","YEAR","","STATE","UTAH","49","","","","","","","00000000","","CORN","CORN, GRAIN - PRODUCTION, MEASURED IN BU","TOTAL","NOT SPECIFIED","5,379,627","8.9"
"CENSUS","2012","YEAR","","STATE","VERMONT","50","","","","","","","00000000","","CORN","CORN, GRAIN - PRODUCTION, MEASURED IN BU","TOTAL","NOT SPECIFIED","1,428,893","5.0"
"CENSUS","2012","YEAR","","STATE","VIRGINIA","51","","","","","","","00000000","","CORN","CORN, GRAIN - PRODUCTION, MEASURED IN BU","TOTAL","NOT SPECIFIED","33,984,647","3.5"
"CENSUS","2012","YEAR","","STATE","WASHINGTON","53","","","","","","","00000000","","CORN","CORN, GRAIN - PRODUCTION, MEASURED IN BU","TOTAL","NOT SPECIFIED","23,824,561","3.5"
"CENSUS","2012","YEAR","","STATE","WEST VIRGINIA","54","","","","","","","00000000","","CORN","CORN, GRAIN - PRODUCTION, MEASURED IN BU","TOTAL","NOT SPECIFIED","4,554,125","6.0"
"CENSUS","2012","YEAR","","STATE","WISCONSIN","55","","","","","","","00000000","","CORN","CORN, GRAIN - PRODUCTION, MEASURED IN BU","TOTAL","NOT SPECIFIED","397,056,812","1.0"
"CENSUS","2012","YEAR","","STATE","WYOMING","56","","","","","","","00000000","","CORN","CORN, GRAIN - PRODUCTION, MEASURED IN BU","TOTAL","NOT SPECIFIED","8,472,807","7.2"
"CENSUS","2007","YEAR","","STATE","ALABAMA","01","","","","","","","00000000","","CORN","CORN, GRAIN - PRODUCTION, MEASURED IN BU","TOTAL","NOT SPECIFIED","21,008,771",""
"CENSUS","2007","YEAR","","STATE","ARIZONA","04","","","","","","","00000000","","CORN","CORN, GRAIN - PRODUCTION, MEASURED IN BU","TOTAL","NOT SPECIFIED","4,083,974",""
"CENSUS","2007","YEAR","","STATE","ARKANSAS","05","","","","","","","00000000","","CORN","CORN, GRAIN - PRODUCTION, MEASURED IN BU","TOTAL","NOT SPECIFIED","99,778,632",""
"CENSUS","2007","YEAR","","STATE","CALIFORNIA","06","","","","","","","00000000","","CORN","CORN, GRAIN - PRODUCTION, MEASURED IN BU","TOTAL","NOT SPECIFIED","34,602,626",""
"CENSUS","2007","YEAR","","STATE","COLORADO","08","","","","","","","00000000","","CORN","CORN, GRAIN - PRODUCTION, MEASURED IN BU","TOTAL","NOT SPECIFIED","140,523,805",""
"CENSUS","2007","YEAR","","STATE","CONNECTICUT","09","","","","","","","00000000","","CORN","CORN, GRAIN - PRODUCTION, MEASURED IN BU","TOTAL","NOT SPECIFIED","424,350",""
"CENSUS","2007","YEAR","","STATE","DELAWARE","10","","","","","","","00000000","","CORN","CORN, GRAIN - PRODUCTION, MEASURED IN BU","TOTAL","NOT SPECIFIED","18,346,034",""
"CENSUS","2007","YEAR","","STATE","FLORIDA","12","","","","","","","00000000","","CORN","CORN, GRAIN - PRODUCTION, MEASURED IN BU","TOTAL","NOT SPECIFIED","2,991,208",""
"CENSUS","2007","YEAR","","STATE","GEORGIA","13","","","","","","","00000000","","CORN","CORN, GRAIN - PRODUCTION, MEASURED IN BU","TOTAL","NOT SPECIFIED","54,137,330",""
"CENSUS","2007","YEAR","","STATE","HAWAII","15","","","","","","","00000000","","CORN","CORN, GRAIN - PRODUCTION, MEASURED IN BU","TOTAL","NOT SPECIFIED","124,878",""
"CENSUS","2007","YEAR","","STATE","IDAHO","16","","","","","","","00000000","","CORN","CORN, GRAIN - PRODUCTION, MEASURED IN BU","TOTAL","NOT SPECIFIED","17,752,526",""
"CENSUS","2007","YEAR","","STATE","ILLINOIS","17","","","","","","","00000000","","CORN","CORN, GRAIN - PRODUCTION, MEASURED IN BU","TOTAL","NOT SPECIFIED","2,248,664,947",""
"CENSUS","2007","YEAR","","STATE","INDIANA","18","","","","","","","00000000","","CORN","CORN, GRAIN - PRODUCTION, MEASURED IN BU","TOTAL","NOT SPECIFIED","959,947,232",""
"CENSUS","2007","YEAR","","STATE","IOWA","19","","","","","","","00000000","","CORN","CORN, GRAIN - PRODUCTION, MEASURED IN BU","TOTAL","NOT SPECIFIED","2,292,163,101",""
"CENSUS","2007","YEAR","","STATE","KANSAS","20","","","","","","","00000000","","CORN","CORN, GRAIN - PRODUCTION, MEASURED IN BU","TOTAL","NOT SPECIFIED","500,560,815",""
"CENSUS","2007","YEAR","","STATE","KENTUCKY","21","","","","","","","00000000","","CORN","CORN, GRAIN - PRODUCTION, MEASURED IN BU","TOTAL","NOT SPECIFIED","166,687,678",""
"CENSUS","2007","YEAR","","STATE","LOUISIANA","22","","","","","","","00000000","","CORN","CORN, GRAIN - PRODUCTION, MEASURED IN BU","TOTAL","NOT SPECIFIED","114,674,506",""
"CENSUS","2007","YEAR","","STATE","MAINE","23","","","","","","","00000000","","CORN","CORN, GRAIN - PRODUCTION, MEASURED IN BU","TOTAL","NOT SPECIFIED","419,517",""
"CENSUS","2007","YEAR","","STATE","MARYLAND","24","","","","","","","00000000","","CORN","CORN, GRAIN - PRODUCTION, MEASURED IN BU","TOTAL","NOT SPECIFIED","45,548,271",""
"CENSUS","2007","YEAR","","STATE","MASSACHUSETTS","25","","","","","","","00000000","","CORN","CORN, GRAIN - PRODUCTION, MEASURED IN BU","TOTAL","NOT SPECIFIED","372,853",""
"CENSUS","2007","YEAR","","STATE","MICHIGAN","26","","","","","","","00000000","","CORN","CORN, GRAIN - PRODUCTION, MEASURED IN BU","TOTAL","NOT SPECIFIED","288,066,336",""
"CENSUS","2007","YEAR","","STATE","MINNESOTA","27","","","","","","","00000000","","CORN","CORN, GRAIN - PRODUCTION, MEASURED IN BU","TOTAL","NOT SPECIFIED","1,138,660,229",""
"CENSUS","2007","YEAR","","STATE","MISSISSIPPI","28","","","","","","","00000000","","CORN","CORN, GRAIN - PRODUCTION, MEASURED IN BU","TOTAL","NOT SPECIFIED","127,841,765",""
"CENSUS","2007","YEAR","","STATE","MISSOURI","29","","","","","","","00000000","","CORN","CORN, GRAIN - PRODUCTION, MEASURED IN BU","TOTAL","NOT SPECIFIED","439,417,160",""
"CENSUS","2007","YEAR","","STATE","MONTANA","30","","","","","","","00000000","","CORN","CORN, GRAIN - PRODUCTION, MEASURED IN BU","TOTAL","NOT SPECIFIED","5,147,840",""
"CENSUS","2007","YEAR","","STATE","NEBRASKA","31","","","","","","","00000000","","CORN","CORN, GRAIN - PRODUCTION, MEASURED IN BU","TOTAL","NOT SPECIFIED","1,426,459,812",""
"CENSUS","2007","YEAR","","STATE","NEVADA","32","","","","","","","00000000","","CORN","CORN, GRAIN - PRODUCTION, MEASURED IN BU","TOTAL","NOT SPECIFIED","73,176",""
"CENSUS","2007","YEAR","","STATE","NEW HAMPSHIRE","33","","","","","","","00000000","","CORN","CORN, GRAIN - PRODUCTION, MEASURED IN BU","TOTAL","NOT SPECIFIED","27,547",""
"CENSUS","2007","YEAR","","STATE","NEW JERSEY","34","","","","","","","00000000","","CORN","CORN, GRAIN - PRODUCTION, MEASURED IN BU","TOTAL","NOT SPECIFIED","10,137,862",""
"CENSUS","2007","YEAR","","STATE","NEW MEXICO","35","","","","","","","00000000","","CORN","CORN, GRAIN - PRODUCTION, MEASURED IN BU","TOTAL","NOT SPECIFIED","9,626,854",""
"CENSUS","2007","YEAR","","STATE","NEW YORK","36","","","","","","","00000000","","CORN","CORN, GRAIN - PRODUCTION, MEASURED IN BU","TOTAL","NOT SPECIFIED","71,454,280",""
"CENSUS","2007","YEAR","","STATE","NORTH CAROLINA","37","","","","","","","00000000","","CORN","CORN, GRAIN - PRODUCTION, MEASURED IN BU","TOTAL","NOT SPECIFIED","98,245,673",""
"CENSUS","2007","YEAR","","STATE","NORTH DAKOTA","38","","","","","","","00000000","","CORN","CORN, GRAIN - PRODUCTION, MEASURED IN BU","TOTAL","NOT SPECIFIED","275,329,681",""
"CENSUS","2007","YEAR","","STATE","OHIO","39","","","","","","","00000000","","CORN","CORN, GRAIN - PRODUCTION, MEASURED IN BU","TOTAL","NOT SPECIFIED","526,601,789",""
"CENSUS","2007","YEAR","","STATE","OKLAHOMA","40","","","","","","","00000000","","CORN","CORN, GRAIN - PRODUCTION, MEASURED IN BU","TOTAL","NOT SPECIFIED","38,603,555",""
"CENSUS","2007","YEAR","","STATE","OREGON","41","","","","","","","00000000","","CORN","CORN, GRAIN - PRODUCTION, MEASURED IN BU","TOTAL","NOT SPECIFIED","7,008,419",""
"CENSUS","2007","YEAR","","STATE","PENNSYLVANIA","42","","","","","","","00000000","","CORN","CORN, GRAIN - PRODUCTION, MEASURED IN BU","TOTAL","NOT SPECIFIED","118,964,770",""
"CENSUS","2007","YEAR","","STATE","RHODE ISLAND","44","","","","","","","00000000","","CORN","CORN, GRAIN - PRODUCTION, MEASURED IN BU","TOTAL","NOT SPECIFIED","3,207",""
"CENSUS","2007","YEAR","","STATE","SOUTH CAROLINA","45","","","","","","","00000000","","CORN","CORN, GRAIN - PRODUCTION, MEASURED IN BU","TOTAL","NOT SPECIFIED","35,122,617",""
"CENSUS","2007","YEAR","","STATE","SOUTH DAKOTA","46","","","","","","","00000000","","CORN","CORN, GRAIN - PRODUCTION, MEASURED IN BU","TOTAL","NOT SPECIFIED","518,552,101",""
"CENSUS","2007","YEAR","","STATE","TENNESSEE","47","","","","","","","00000000","","CORN","CORN, GRAIN - PRODUCTION, MEASURED IN BU","TOTAL","NOT SPECIFIED","83,636,352",""
"CENSUS","2007","YEAR","","STATE","TEXAS","48","","","","","","","00000000","","CORN","CORN, GRAIN - PRODUCTION, MEASURED IN BU","TOTAL","NOT SPECIFIED","286,386,341",""
"CENSUS","2007","YEAR","","STATE","UTAH","49","","","","","","","00000000","","CORN","CORN, GRAIN - PRODUCTION, MEASURED IN BU","TOTAL","NOT SPECIFIED","3,249,594",""
"CENSUS","2007","YEAR","","STATE","VERMONT","50","","","","","","","00000000","","CORN","CORN, GRAIN - PRODUCTION, MEASURED IN BU","TOTAL","NOT SPECIFIED","773,897",""
"CENSUS","2007","YEAR","","STATE","VIRGINIA","51","","","","","","","00000000","","CORN","CORN, GRAIN - PRODUCTION, MEASURED IN BU","TOTAL","NOT SPECIFIED","34,811,582",""
"CENSUS","2007","YEAR","","STATE","WASHINGTON","53","","","","","","","00000000","","CORN","CORN, GRAIN - PRODUCTION, MEASURED IN BU","TOTAL","NOT SPECIFIED","24,553,928",""
"CENSUS","2007","YEAR","","STATE","WEST VIRGINIA","54","","","","","","","00000000","","CORN","CORN, GRAIN - PRODUCTION, MEASURED IN BU","TOTAL","NOT SPECIFIED","2,916,834",""
"CENSUS","2007","YEAR","","STATE","WISCONSIN","55","","","","","","","00000000","","CORN","CORN, GRAIN - PRODUCTION, MEASURED IN BU","TOTAL","NOT SPECIFIED","437,174,706",""
"CENSUS","2007","YEAR","","STATE","WYOMING","56","","","","","","","00000000","","CORN","CORN, GRAIN - PRODUCTION, MEASURED IN BU","TOTAL","NOT SPECIFIED","6,858,369",""
"CENSUS","2002","YEAR","","STATE","ALABAMA","01","","","","","","","00000000","","CORN","CORN, GRAIN - PRODUCTION, MEASURED IN BU","TOTAL","NOT SPECIFIED","15,241,418",""
"CENSUS","2002","YEAR","","STATE","ARIZONA","04","","","","","","","00000000","","CORN","CORN, GRAIN - PRODUCTION, MEASURED IN BU","TOTAL","NOT SPECIFIED","5,127,857",""
"CENSUS","2002","YEAR","","STATE","ARKANSAS","05","","","","","","","00000000","","CORN","CORN, GRAIN - PRODUCTION, MEASURED IN BU","TOTAL","NOT SPECIFIED","31,747,203",""
"CENSUS","2002","YEAR","","STATE","CALIFORNIA","06","","","","","","","00000000","","CORN","CORN, GRAIN - PRODUCTION, MEASURED IN BU","TOTAL","NOT SPECIFIED","28,395,621",""
"CENSUS","2002","YEAR","","STATE","COLORADO","08","","","","","","","00000000","","CORN","CORN, GRAIN - PRODUCTION, MEASURED IN BU","TOTAL","NOT SPECIFIED","102,653,083",""
"CENSUS","2002","YEAR","","STATE","CONNECTICUT","09","","","","","","","00000000","","CORN","CORN, GRAIN - PRODUCTION, MEASURED IN BU","TOTAL","NOT SPECIFIED","361,647",""
"CENSUS","2002","YEAR","","STATE","DELAWARE","10","","","","","","","00000000","","CORN","CORN, GRAIN - PRODUCTION, MEASURED IN BU","TOTAL","NOT SPECIFIED","13,368,438",""
"CENSUS","2002","YEAR","","STATE","FLORIDA","12","","","","","","","00000000","","CORN","CORN, GRAIN - PRODUCTION, MEASURED IN BU","TOTAL","NOT SPECIFIED","2,456,508",""
"CENSUS","2002","YEAR","","STATE","GEORGIA","13","","","","","","","00000000","","CORN","CORN, GRAIN - PRODUCTION, MEASURED IN BU","TOTAL","NOT SPECIFIED","26,720,244",""
"CENSUS","2002","YEAR","","STATE","HAWAII","15","","","","","","","00000000","","CORN","CORN, GRAIN - PRODUCTION, MEASURED IN BU","TOTAL","NOT SPECIFIED","203,391",""
"CENSUS","2002","YEAR","","STATE","IDAHO","16","","","","","","","00000000","","CORN","CORN, GRAIN - PRODUCTION, MEASURED IN BU","TOTAL","NOT SPECIFIED","6,561,733",""
"CENSUS","2002","YEAR","","STATE","ILLINOIS","17","","","","","","","00000000","","CORN","CORN, GRAIN - PRODUCTION, MEASURED IN BU","TOTAL","NOT SPECIFIED","1,418,566,127",""
"CENSUS","2002","YEAR","","STATE","INDIANA","18","","","","","","","00000000","","CORN","CORN, GRAIN - PRODUCTION, MEASURED IN BU","TOTAL","NOT SPECIFIED","606,156,476",""
"CENSUS","2002","YEAR","","STATE","IOWA","19","","","","","","","00000000","","CORN","CORN, GRAIN - PRODUCTION, MEASURED IN BU","TOTAL","NOT SPECIFIED","1,851,276,224",""
"CENSUS","2002","YEAR","","STATE","KANSAS","20","","","","","","","00000000","","CORN","CORN, GRAIN - PRODUCTION, MEASURED IN BU","TOTAL","NOT SPECIFIED","289,681,829",""
"CENSUS","2002","YEAR","","STATE","KENTUCKY","21","","","","","","","00000000","","CORN","CORN, GRAIN - PRODUCTION, MEASURED IN BU","TOTAL","NOT SPECIFIED","108,721,040",""
"CENSUS","2002","YEAR","","STATE","LOUISIANA","22","","","","","","","00000000","","CORN","CORN, GRAIN - PRODUCTION, MEASURED IN BU","TOTAL","NOT SPECIFIED","54,944,774",""
"CENSUS","2002","YEAR","","STATE","MAINE","23","","","","","","","00000000","","CORN","CORN, GRAIN - PRODUCTION, MEASURED IN BU","TOTAL","NOT SPECIFIED","295,847",""
"CENSUS","2002","YEAR","","STATE","MARYLAND","24","","","","","","","00000000","","CORN","CORN, GRAIN - PRODUCTION, MEASURED IN BU","TOTAL","NOT SPECIFIED","30,041,896",""
"CENSUS","2002","YEAR","","STATE","MASSACHUSETTS","25","","","","","","","00000000","","CORN","CORN, GRAIN - PRODUCTION, MEASURED IN BU","TOTAL","NOT SPECIFIED","346,592",""
"CENSUS","2002","YEAR","","STATE","MICHIGAN","26","","","","","","","00000000","","CORN","CORN, GRAIN - PRODUCTION, MEASURED IN BU","TOTAL","NOT SPECIFIED","234,709,542",""
"CENSUS","2002","YEAR","","STATE","MINNESOTA","27","","","","","","","00000000","","CORN","CORN, GRAIN - PRODUCTION, MEASURED IN BU","TOTAL","NOT SPECIFIED","989,887,877",""
"CENSUS","2002","YEAR","","STATE","MISSISSIPPI","28","","","","","","","00000000","","CORN","CORN, GRAIN - PRODUCTION, MEASURED IN BU","TOTAL","NOT SPECIFIED","58,487,848",""
"CENSUS","2002","YEAR","","STATE","MISSOURI","29","","","","","","","00000000","","CORN","CORN, GRAIN - PRODUCTION, MEASURED IN BU","TOTAL","NOT SPECIFIED","268,224,535",""
"CENSUS","2002","YEAR","","STATE","MONTANA","30","","","","","","","00000000","","CORN","CORN, GRAIN - PRODUCTION, MEASURED IN BU","TOTAL","NOT SPECIFIED","1,584,039",""
"CENSUS","2002","YEAR","","STATE","NEBRASKA","31","","","","","","","00000000","","CORN","CORN, GRAIN - PRODUCTION, MEASURED IN BU","TOTAL","NOT SPECIFIED","908,360,246",""
"CENSUS","2002","YEAR","","STATE","NEVADA","32","","","","","","","00000000","","CORN","CORN, GRAIN - PRODUCTION, MEASURED IN BU","TOTAL","NOT SPECIFIED","34,447",""
"CENSUS","2002","YEAR","","STATE","NEW HAMPSHIRE","33","","","","","","","00000000","","CORN","CORN, GRAIN - PRODUCTION, MEASURED IN BU","TOTAL","NOT SPECIFIED","113,240",""
"CENSUS","2002","YEAR","","STATE","NEW JERSEY","34","","","","","","","00000000","","CORN","CORN, GRAIN - PRODUCTION, MEASURED IN BU","TOTAL","NOT SPECIFIED","4,031,251",""
"CENSUS","2002","YEAR","","STATE","NEW MEXICO","35","","","","","","","00000000","","CORN","CORN, GRAIN - PRODUCTION, MEASURED IN BU","TOTAL","NOT SPECIFIED","8,508,723",""
"CENSUS","2002","YEAR","","STATE","NEW YORK","36","","","","","","","00000000","","CORN","CORN, GRAIN - PRODUCTION, MEASURED IN BU","TOTAL","NOT SPECIFIED","42,767,720",""
"CENSUS","2002","YEAR","","STATE","NORTH CAROLINA","37","","","","","","","00000000","","CORN","CORN, GRAIN - PRODUCTION, MEASURED IN BU","TOTAL","NOT SPECIFIED","58,918,039",""
"CENSUS","2002","YEAR","","STATE","NORTH DAKOTA","38","","","","","","","00000000","","CORN","CORN, GRAIN - PRODUCTION, MEASURED IN BU","TOTAL","NOT SPECIFIED","111,380,248",""
"CENSUS","2002","YEAR","","STATE","OHIO","39","","","","","","","00000000","","CORN","CORN, GRAIN - PRODUCTION, MEASURED IN BU","TOTAL","NOT SPECIFIED","254,817,899",""
"CENSUS","2002","YEAR","","STATE","OKLAHOMA","40","","","","","","","00000000","","CORN","CORN, GRAIN - PRODUCTION, MEASURED IN BU","TOTAL","NOT SPECIFIED","23,642,448",""
"CENSUS","2002","YEAR","","STATE","OREGON","41","","","","","","","00000000","","CORN","CORN, GRAIN - PRODUCTION, MEASURED IN BU","TOTAL","NOT SPECIFIED","3,097,418",""
"CENSUS","2002","YEAR","","STATE","PENNSYLVANIA","42","","","","","","","00000000","","CORN","CORN, GRAIN - PRODUCTION, MEASURED IN BU","TOTAL","NOT SPECIFIED","52,645,120",""
"CENSUS","2002","YEAR","","STATE","RHODE ISLAND","44","","","","","","","00000000","","CORN","CORN, GRAIN - PRODUCTION, MEASURED IN BU","TOTAL","NOT SPECIFIED","3,616",""
"CENSUS","2002","YEAR","","STATE","SOUTH CAROLINA","45","","","","","","","00000000","","CORN","CORN, GRAIN - PRODUCTION, MEASURED IN BU","TOTAL","NOT SPECIFIED","11,147,604",""
"CENSUS","2002","YEAR","","STATE","SOUTH DAKOTA","46","","","","","","","00000000","","CORN","CORN, GRAIN - PRODUCTION, MEASURED IN BU","TOTAL","NOT SPECIFIED","295,166,830",""
"CENSUS","2002","YEAR","","STATE","TENNESSEE","47","","","","","","","00000000","","CORN","CORN, GRAIN - PRODUCTION, MEASURED IN BU","TOTAL","NOT SPECIFIED","64,081,209",""
"CENSUS","2002","YEAR","","STATE","TEXAS","48","","","","","","","00000000","","CORN","CORN, GRAIN - PRODUCTION, MEASURED IN BU","TOTAL","NOT SPECIFIED","197,109,321",""
"CENSUS","2002","YEAR","","STATE","UTAH","49","","","","","","","00000000","","CORN","CORN, GRAIN - PRODUCTION, MEASURED IN BU","TOTAL","NOT SPECIFIED","2,134,158",""
"CENSUS","2002","YEAR","","STATE","VERMONT","50","","","","","","","00000000","","CORN","CORN, GRAIN - PRODUCTION, MEASURED IN BU","TOTAL","NOT SPECIFIED","624,813",""
"CENSUS","2002","YEAR","","STATE","VIRGINIA","51","","","","","","","00000000","","CORN","CORN, GRAIN - PRODUCTION, MEASURED IN BU","TOTAL","NOT SPECIFIED","22,656,691",""
"CENSUS","2002","YEAR","","STATE","WASHINGTON","53","","","","","","","00000000","","CORN","CORN, GRAIN - PRODUCTION, MEASURED IN BU","TOTAL","NOT SPECIFIED","14,155,973",""
"CENSUS","2002","YEAR","","STATE","WEST VIRGINIA","54","","","","","","","00000000","","CORN","CORN, GRAIN - PRODUCTION, MEASURED IN BU","TOTAL","NOT SPECIFIED","3,057,437",""
"CENSUS","2002","YEAR","","STATE","WISCONSIN","55","","","","","","","00000000","","CORN","CORN, GRAIN - PRODUCTION, MEASURED IN BU","TOTAL","NOT SPECIFIED","385,057,040",""
"CENSUS","2002","YEAR","","STATE","WYOMING","56","","","","","","","00000000","","CORN","CORN, GRAIN - PRODUCTION, MEASURED IN BU","TOTAL","NOT SPECIFIED","3,788,534",""
"CENSUS","1997","YEAR","","STATE","ALABAMA","01","","","","","","","00000000","","CORN","CORN, GRAIN - PRODUCTION, MEASURED IN BU","TOTAL","NOT SPECIFIED","20,608,991",""
"CENSUS","1997","YEAR","","STATE","ARIZONA","04","","","","","","","00000000","","CORN","CORN, GRAIN - PRODUCTION, MEASURED IN BU","TOTAL","NOT SPECIFIED","6,746,362",""
"CENSUS","1997","YEAR","","STATE","ARKANSAS","05","","","","","","","00000000","","CORN","CORN, GRAIN - PRODUCTION, MEASURED IN BU","TOTAL","NOT SPECIFIED","22,080,806",""
"CENSUS","1997","YEAR","","STATE","CALIFORNIA","06","","","","","","","00000000","","CORN","CORN, GRAIN - PRODUCTION, MEASURED IN BU","TOTAL","NOT SPECIFIED","42,632,526",""
"CENSUS","1997","YEAR","","STATE","COLORADO","08","","","","","","","00000000","","CORN","CORN, GRAIN - PRODUCTION, MEASURED IN BU","TOTAL","NOT SPECIFIED","131,492,974",""
"CENSUS","1997","YEAR","","STATE","CONNECTICUT","09","","","","","","","00000000","","CORN","CORN, GRAIN - PRODUCTION, MEASURED IN BU","TOTAL","NOT SPECIFIED","612,648",""
"CENSUS","1997","YEAR","","STATE","DELAWARE","10","","","","","","","00000000","","CORN","CORN, GRAIN - PRODUCTION, MEASURED IN BU","TOTAL","NOT SPECIFIED","15,731,070",""
"CENSUS","1997","YEAR","","STATE","FLORIDA","12","","","","","","","00000000","","CORN","CORN, GRAIN - PRODUCTION, MEASURED IN BU","TOTAL","NOT SPECIFIED","5,247,737",""
"CENSUS","1997","YEAR","","STATE","GEORGIA","13","","","","","","","00000000","","CORN","CORN, GRAIN - PRODUCTION, MEASURED IN BU","TOTAL","NOT SPECIFIED","41,144,090",""
"CENSUS","1997","YEAR","","STATE","IDAHO","16","","","","","","","00000000","","CORN","CORN, GRAIN - PRODUCTION, MEASURED IN BU","TOTAL","NOT SPECIFIED","6,429,983",""
"CENSUS","1997","YEAR","","STATE","ILLINOIS","17","","","","","","","00000000","","CORN","CORN, GRAIN - PRODUCTION, MEASURED IN BU","TOTAL","NOT SPECIFIED","1,372,414,201",""
"CENSUS","1997","YEAR","","STATE","INDIANA","18","","","","","","","00000000","","CORN","CORN, GRAIN - PRODUCTION, MEASURED IN BU","TOTAL","NOT SPECIFIED","657,405,247",""
"CENSUS","1997","YEAR","","STATE","IOWA","19","","","","","","","00000000","","CORN","CORN, GRAIN - PRODUCTION, MEASURED IN BU","TOTAL","NOT SPECIFIED","1,581,093,092",""
"CENSUS","1997","YEAR","","STATE","KANSAS","20","","","","","","","00000000","","CORN","CORN, GRAIN - PRODUCTION, MEASURED IN BU","TOTAL","NOT SPECIFIED","351,343,546",""
"CENSUS","1997","YEAR","","STATE","KENTUCKY","21","","","","","","","00000000","","CORN","CORN, GRAIN - PRODUCTION, MEASURED IN BU","TOTAL","NOT SPECIFIED","115,775,864",""
"CENSUS","1997","YEAR","","STATE","LOUISIANA","22","","","","","","","00000000","","CORN","CORN, GRAIN - PRODUCTION, MEASURED IN BU","TOTAL","NOT SPECIFIED","49,256,383",""
"CENSUS","1997","YEAR","","STATE","MAINE","23","","","","","","","00000000","","CORN","CORN, GRAIN - PRODUCTION, MEASURED IN BU","TOTAL","NOT SPECIFIED"," (D)",""
"CENSUS","1997","YEAR","","STATE","MARYLAND","24","","","","","","","00000000","","CORN","CORN, GRAIN - PRODUCTION, MEASURED IN BU","TOTAL","NOT SPECIFIED","36,641,509",""
"CENSUS","1997","YEAR","","STATE","MASSACHUSETTS","25","","","","","","","00000000","","CORN","CORN, GRAIN - PRODUCTION, MEASURED IN BU","TOTAL","NOT SPECIFIED","594,115",""
"CENSUS","1997","YEAR","","STATE","MICHIGAN","26","","","","","","","00000000","","CORN","CORN, GRAIN - PRODUCTION, MEASURED IN BU","TOTAL","NOT SPECIFIED","245,261,942",""
"CENSUS","1997","YEAR","","STATE","MINNESOTA","27","","","","","","","00000000","","CORN","CORN, GRAIN - PRODUCTION, MEASURED IN BU","TOTAL","NOT SPECIFIED","796,829,406",""
"CENSUS","1997","YEAR","","STATE","MISSISSIPPI","28","","","","","","","00000000","","CORN","CORN, GRAIN - PRODUCTION, MEASURED IN BU","TOTAL","NOT SPECIFIED","44,879,039",""
"CENSUS","1997","YEAR","","STATE","MISSOURI","29","","","","","","","00000000","","CORN","CORN, GRAIN - PRODUCTION, MEASURED IN BU","TOTAL","NOT SPECIFIED","282,896,729",""
"CENSUS","1997","YEAR","","STATE","MONTANA","30","","","","","","","00000000","","CORN","CORN, GRAIN - PRODUCTION, MEASURED IN BU","TOTAL","NOT SPECIFIED","1,671,004",""
"CENSUS","1997","YEAR","","STATE","NEBRASKA","31","","","","","","","00000000","","CORN","CORN, GRAIN - PRODUCTION, MEASURED IN BU","TOTAL","NOT SPECIFIED","1,075,047,531",""
"CENSUS","1997","YEAR","","STATE","NEVADA","32","","","","","","","00000000","","CORN","CORN, GRAIN - PRODUCTION, MEASURED IN BU","TOTAL","NOT SPECIFIED","37,232",""
"CENSUS","1997","YEAR","","STATE","NEW HAMPSHIRE","33","","","","","","","00000000","","CORN","CORN, GRAIN - PRODUCTION, MEASURED IN BU","TOTAL","NOT SPECIFIED","133,310",""
"CENSUS","1997","YEAR","","STATE","NEW JERSEY","34","","","","","","","00000000","","CORN","CORN, GRAIN - PRODUCTION, MEASURED IN BU","TOTAL","NOT SPECIFIED","9,573,802",""
"CENSUS","1997","YEAR","","STATE","NEW MEXICO","35","","","","","","","00000000","","CORN","CORN, GRAIN - PRODUCTION, MEASURED IN BU","TOTAL","NOT SPECIFIED","13,872,808",""
"CENSUS","1997","YEAR","","STATE","NEW YORK","36","","","","","","","00000000","","CORN","CORN, GRAIN - PRODUCTION, MEASURED IN BU","TOTAL","NOT SPECIFIED","65,729,918",""
"CENSUS","1997","YEAR","","STATE","NORTH CAROLINA","37","","","","","","","00000000","","CORN","CORN, GRAIN - PRODUCTION, MEASURED IN BU","TOTAL","NOT SPECIFIED","74,291,257",""
"CENSUS","1997","YEAR","","STATE","NORTH DAKOTA","38","","","","","","","00000000","","CORN","CORN, GRAIN - PRODUCTION, MEASURED IN BU","TOTAL","NOT SPECIFIED","56,335,638",""
"CENSUS","1997","YEAR","","STATE","OHIO","39","","","","","","","00000000","","CORN","CORN, GRAIN - PRODUCTION, MEASURED IN BU","TOTAL","NOT SPECIFIED","434,305,912",""
"CENSUS","1997","YEAR","","STATE","OKLAHOMA","40","","","","","","","00000000","","CORN","CORN, GRAIN - PRODUCTION, MEASURED IN BU","TOTAL","NOT SPECIFIED","20,964,252",""
"CENSUS","1997","YEAR","","STATE","OREGON","41","","","","","","","00000000","","CORN","CORN, GRAIN - PRODUCTION, MEASURED IN BU","TOTAL","NOT SPECIFIED","5,262,315",""
"CENSUS","1997","YEAR","","STATE","PENNSYLVANIA","42","","","","","","","00000000","","CORN","CORN, GRAIN - PRODUCTION, MEASURED IN BU","TOTAL","NOT SPECIFIED","96,956,097",""
"CENSUS","1997","YEAR","","STATE","RHODE ISLAND","44","","","","","","","00000000","","CORN","CORN, GRAIN - PRODUCTION, MEASURED IN BU","TOTAL","NOT SPECIFIED"," (D)",""
"CENSUS","1997","YEAR","","STATE","SOUTH CAROLINA","45","","","","","","","00000000","","CORN","CORN, GRAIN - PRODUCTION, MEASURED IN BU","TOTAL","NOT SPECIFIED","29,125,176",""
"CENSUS","1997","YEAR","","STATE","SOUTH DAKOTA","46","","","","","","","00000000","","CORN","CORN, GRAIN - PRODUCTION, MEASURED IN BU","TOTAL","NOT SPECIFIED","302,695,636",""
"CENSUS","1997","YEAR","","STATE","TENNESSEE","47","","","","","","","00000000","","CORN","CORN, GRAIN - PRODUCTION, MEASURED IN BU","TOTAL","NOT SPECIFIED","59,605,812",""
"CENSUS","1997","YEAR","","STATE","TEXAS","48","","","","","","","00000000","","CORN","CORN, GRAIN - PRODUCTION, MEASURED IN BU","TOTAL","NOT SPECIFIED","224,990,592",""
"CENSUS","1997","YEAR","","STATE","UTAH","49","","","","","","","00000000","","CORN","CORN, GRAIN - PRODUCTION, MEASURED IN BU","TOTAL","NOT SPECIFIED","2,642,441",""
"CENSUS","1997","YEAR","","STATE","VERMONT","50","","","","","","","00000000","","CORN","CORN, GRAIN - PRODUCTION, MEASURED IN BU","TOTAL","NOT SPECIFIED","941,648",""
"CENSUS","1997","YEAR","","STATE","VIRGINIA","51","","","","","","","00000000","","CORN","CORN, GRAIN - PRODUCTION, MEASURED IN BU","TOTAL","NOT SPECIFIED","29,903,600",""
"CENSUS","1997","YEAR","","STATE","WASHINGTON","53","","","","","","","00000000","","CORN","CORN, GRAIN - PRODUCTION, MEASURED IN BU","TOTAL","NOT SPECIFIED","16,725,028",""
"CENSUS","1997","YEAR","","STATE","WEST VIRGINIA","54","","","","","","","00000000","","CORN","CORN, GRAIN - PRODUCTION, MEASURED IN BU","TOTAL","NOT SPECIFIED","3,291,931",""
"CENSUS","1997","YEAR","","STATE","WISCONSIN","55","","","","","","","00000000","","CORN","CORN, GRAIN - PRODUCTION, MEASURED IN BU","TOTAL","NOT SPECIFIED","374,550,814",""
"CENSUS","1997","YEAR","","STATE","WYOMING","56","","","","","","","00000000","","CORN","CORN, GRAIN - PRODUCTION, MEASURED IN BU","TOTAL","NOT SPECIFIED","6,319,193",""
